{"qovi0SmCl/faUsTNqS2lLw==":"logo%20zenith%20small-128x128.jpg","2gxV+mymMjk/byWrdOTsUg==":"logo%20zenith%20small-130x129.jpg","nnp2OXLmxbH2cXSQ6Cl0ug==":"mbr-1465x1080.jpg","wCPN8eEaAR3+Zd943RqSbQ==":"mbr-1620x1080.jpg","PdvjJE243/8OxBlhMi79jw==":"mbr-1-1620x1080.jpg","A9L70O3pGAHKw5K0+tZ3Uw==":"mbr-1842x1080.jpg","uogJlKwXQERoqOlN1OO2RQ==":"mbr-2-1620x1080.jpg","n1LN6R7JewFiXAyVJEO7uw==":"mbr-3-1620x1080.jpg","M42V6AtGzTuJbaKrxc6FUA==":"preparation-centre_1_rgb-512-860x235.jpg","7aItGLAY9UZv413KLv7aQw==":"trained-education-agent-2018%20zenith-593x593.png","Ts/LgO1C0Ng6mfeoJKsv5A==":"classroom-150x150.jpg","FraY7dclDNS+tccC72rFiQ==":"office-200x200.jpg","gDSnytsp4SNezRiiM9Fmxw==":"dsc01551-2000x1500.jpg","nLspYTRxoL/cD3VlSW6MfQ==":"dsc01550-2000x1500.jpg","HJKN55Vmbl49Hc3MVNR0lA==":"dsc01549-2000x1500.jpg","z3FJOtzTOO62rSqF/ZWMpA==":"logo%20zenith%20small-130x129.jpg","Qc0Be34ldFJQWPK3AKvRnA==":"preparation-centre_1_rgb-513-860x235.jpg","nzM7fc5/WNqJPaxOiJOi7Q==":"mbr-1920x1278.jpg","IFFRSHhpZcWrly2qOlWi9w==":"visitphoto-1400x826.jpg","TBRwEleZE67+cUNPxA9Kww==":"visitphoto-1104x1872.jpg","zmsztACLdhsltagmp3cdFw==":"logoparaguay-752x763.png","2UQ2UO0AENYBLzJfO+owDw==":"preparation-centre_1_rgb-512-860x235.jpg","T9j3p5JEWKjJw7Ii5ke3DA==":"preparation-centre_1_rgb-513-860x235.jpg","OJxdasVlDnV9hVlfHjmLsw==":"preparation-centre_1_rgb-514-860x235.jpg","5rdzWJpNemg8jbmVtAR7zA==":"preparation-centre_1_rgb-515-860x235.jpg"}